Prefix     ; Length ; Type       ; Tariff        ; Operator        ; Format       ; Regions ; Provenance ; Comment
18         ; 7      ; FIXED_LINE ; TOLL_FREE     ;                 ; "fmt1_4/3-4" ; "KW"
2[23]      ; 8      ; FIXED_LINE ; STANDARD_RATE ;                 ; "fmt1_4/3-4" ; "KW"
24[1-35-9] ; 8      ; FIXED_LINE ; STANDARD_RATE ;                 ; "fmt1_4/3-4" ; "KW"
2444       ; 8      ; FIXED_LINE ; STANDARD_RATE ;                 ; "fmt2_3/5"   ; "KW"
250[034]   ; 8      ; FIXED_LINE ; STANDARD_RATE ;                 ; "fmt1_4/3-4" ; "KW"
25[2-46]   ; 8      ; FIXED_LINE ; STANDARD_RATE ;                 ; "fmt1_4/3-4" ; "KW"
255[1-3]   ; 8      ; FIXED_LINE ; STANDARD_RATE ;                 ; "fmt1_4/3-4" ; "KW"
257[1-7]   ; 8      ; FIXED_LINE ; STANDARD_RATE ;                 ; "fmt1_4/3-4" ; "KW"
41         ; 8      ; MOBILE     ; STANDARD_RATE ; "virgin_mobile" ; "fmt2_3/5"   ; "KW"    ; ITU
5[05]      ; 8      ; MOBILE     ; STANDARD_RATE ; "viva"          ; "fmt2_3/5"   ; "KW"    ; IR21       ; "IR21 dated 12/27/2018"
51[0-7]    ; 8      ; MOBILE     ; STANDARD_RATE ; "viva"          ; "fmt2_3/5"   ; "KW"    ; IR21       ; "IR21 dated 12/27/2018"
5222       ; 8      ; MOBILE     ; STANDARD_RATE ; "viva"          ; "fmt1_4/3-4" ; "KW"    ; IR21       ; "IR21 dated 12/27/2018"
525[25]    ; 8      ; MOBILE     ; STANDARD_RATE ; "viva"          ; "fmt1_4/3-4" ; "KW"    ; IR21       ; "IR21 dated 12/27/2018"
56[56]     ; 8      ; MOBILE     ; STANDARD_RATE ; "viva"          ; "fmt2_3/5"   ; "KW"    ; IR21       ; "IR21 dated 12/27/2018"
5755       ; 8      ; MOBILE     ; STANDARD_RATE ; "viva"          ; "fmt2_3/5"   ; "KW"    ; IR21
5777       ; 8      ; MOBILE     ; STANDARD_RATE ; "viva"          ; "fmt2_3/5"   ; "KW"    ; IR21
588[58]    ; 8      ; MOBILE     ; STANDARD_RATE ; "viva"          ; "fmt2_3/5"   ; "KW"    ; IR21       ; "IR21 dated 12/27/2018"
60[034679] ; 8      ; MOBILE     ; STANDARD_RATE ; "ooredoo"       ; "fmt1_4/3-4" ; "KW"    ; IR21       ; "IR21 dated 3/28/2019"
6100       ; 8      ; MOBILE     ; STANDARD_RATE ; "ooredoo"       ; "fmt1_4/3-4" ; "KW"    ; IR21
6111       ; 8      ; MOBILE     ; STANDARD_RATE ; "ooredoo"       ; "fmt1_4/3-4" ; "KW"    ; IR21
6166       ; 8      ; MOBILE     ; STANDARD_RATE ; "ooredoo"       ; "fmt1_4/3-4" ; "KW"    ; IR21
6222       ; 8      ; MOBILE     ; STANDARD_RATE ; "ooredoo"       ; "fmt1_4/3-4" ; "KW"    ;            ; "Remove"
63[36]3    ; 8      ; MOBILE     ; STANDARD_RATE ; "ooredoo"       ; "fmt1_4/3-4" ; "KW"    ; IR21
6444       ; 8      ; MOBILE     ; STANDARD_RATE ; "ooredoo"       ; "fmt1_4/3-4" ; "KW"    ; IR21       ; "IR21 dated 9/29/2019"
65[015-9]  ; 8      ; MOBILE     ; STANDARD_RATE ; "ooredoo"       ; "fmt1_4/3-4" ; "KW"    ; IR21       ; "IR21 dated 3/28/2019"
66         ; 8      ; MOBILE     ; STANDARD_RATE ; "ooredoo"       ; "fmt1_4/3-4" ; "KW"    ; IR21       ; "IR21 dated 3/28/2019"
670[013-9] ; 8      ; MOBILE     ; STANDARD_RATE ; "ooredoo"       ; "fmt1_4/3-4" ; "KW"    ; IR21       ; "IR21 dated 3/28/2019"
67[67]     ; 8      ; MOBILE     ; STANDARD_RATE ; "ooredoo"       ; "fmt1_4/3-4" ; "KW"    ; IR21       ; "IR21 dated 3/28/2019"
6888       ; 8      ; MOBILE     ; STANDARD_RATE ; "ooredoo"       ; "fmt1_4/3-4" ; "KW"    ; IR21       ; "IR21 dated 9/29/2019"
69[069]    ; 8      ; MOBILE     ; STANDARD_RATE ; "ooredoo"       ; "fmt1_4/3-4" ; "KW"    ; IR21       ; "IR21 dated 3/28/2019"
693[03]    ; 8      ; MOBILE     ; STANDARD_RATE ; "ooredoo"       ; "fmt1_4/3-4" ; "KW"    ; IR21       ; "IR21 dated 3/28/2019"
6939       ; 8      ; MOBILE     ; STANDARD_RATE ; "ooredoo"       ; "fmt1_4/3-4" ; "KW"
90[09]     ; 8      ; MOBILE     ; STANDARD_RATE ; "zain"          ; "fmt1_4/3-4" ; "KW"    ; IR21       ; "IR21 dated 4/7/2019"
911[01]    ; 8      ; MOBILE     ; STANDARD_RATE ; "zain"          ; "fmt1_4/3-4" ; "KW"    ; IR21       ; "IR21 dated 4/7/2019"
9199       ; 8      ; MOBILE     ; STANDARD_RATE ; "zain"          ; "fmt1_4/3-4" ; "KW"    ; IR21
9200       ; 8      ; MOBILE     ; STANDARD_RATE ; "zain"          ; "fmt1_4/3-4" ; "KW"    ; IR21
922        ; 8      ; MOBILE     ; STANDARD_RATE ; "zain"          ; "fmt1_4/3-4" ; "KW"    ; IR21       ; "IR21 dated 4/7/2019"
93[03]0    ; 8      ; MOBILE     ; STANDARD_RATE ; "zain"          ; "fmt1_4/3-4" ; "KW"    ; IR21
9333       ; 8      ; MOBILE     ; STANDARD_RATE ; "zain"          ; "fmt1_4/3-4" ; "KW"    ; IR21       ; "IR21 dated 4/7/2019"
9[4679]    ; 8      ; MOBILE     ; STANDARD_RATE ; "zain"          ; "fmt1_4/3-4" ; "KW"    ; IR21       ; "IR21 dated 4/7/2019"
9500       ; 8      ; MOBILE     ; STANDARD_RATE ; "zain"          ; "fmt1_4/3-4" ; "KW"    ;            ; "Client requested to add based on IR21. T#04478052"
955        ; 8      ; MOBILE     ; STANDARD_RATE ; "zain"          ; "fmt1_4/3-4" ; "KW"    ; IR21       ; "IR21 dated 4/7/2019"
98[057-9]  ; 8      ; MOBILE     ; STANDARD_RATE ; "zain"          ; "fmt1_4/3-4" ; "KW"    ; IR21       ; "IR21 dated 4/7/2019"
